{
  "upper-west": [51.21, 364.08139534883725, 277.38750000000005, 719.4941860465117],
  "inwood-heights": [201.995, 20.804651162790698, 449.51000000000005, 142.16511627906976],
  "harlem-west": [122.33500000000001, 86.68604651162791, 352.78000000000003, 364.08139534883725],
  "harlem-east": [352.78000000000003, 86.68604651162791, 495.03000000000003, 364.08139534883725],
  "upper-east": [398.3, 364.08139534883725, 514.945, 719.4941860465117],
  "midtown-west": [56.900000000000006, 620.6720930232558, 305.83750000000003, 970.8837209302326],
  "times-square": [45.52, 702.1569767441861, 110.95500000000001, 762.8372093023256],
  "hells-kitchen": [31.295, 762.8372093023256, 110.95500000000001, 970.8837209302326],
  "midtown-east": [110.95500000000001, 719.4941860465117, 522.0575, 858.1918604651163],
  "murray-hill": [305.83750000000003, 858.1918604651163, 522.0575, 970.8837209302326],
  "chelsea": [31.295, 970.8837209302326, 419.63750000000005, 1054.1023255813955],
  "flatiron-gramercy": [419.63750000000005, 970.8837209302326, 522.0575, 1054.1023255813955],
  "soho-nolita": [45.52, 1054.1023255813955, 277.38750000000005, 1244.8116279069768],
  "east-village": [206.26250000000002, 1054.1023255813955, 514.945, 1144.2558139534885],
  "chinatown-civic": [277.38750000000005, 1144.2558139534885, 320.0625, 1317.6279069767443],
  "lower-east": [320.0625, 1144.2558139534885, 497.87500000000006, 1317.6279069767443],
  "tribeca-civic": [99.575, 1244.8116279069768, 277.38750000000005, 1317.6279069767443],
  "financial-west": [142.25, 1317.6279069767443, 443.82000000000005, 1470.1953488372094],
  "financial-east": [355.625, 1317.6279069767443, 443.82000000000005, 1383.5093023255815],
  "battery-park-city": [142.25, 1409.5151162790698, 415.37000000000006, 1470.1953488372094],
  "battery-tip": [184.925, 1426.8523255813955, 386.9200000000001, 1470.1953488372094],
  "_central-park": [277.3875, 364.08139534883725, 398.3, 719.4941860465117]
}
